t	PL(A)	PL(B)	PL(T)	PL(E)	V(A)	V(B)	V(E)	I(A)	I(B)	I(E)
0,000	0,000	0,000	0,000E+0	0,000E+0	0,000E+0	0,000E+0	0,000E+0	0,000E+0	0,000E+0	0,000E+0
0,000	0,000	0,000	0,000E+0	0,000E+0	0,000E+0	0,000E+0	0,000E+0	0,000E+0	0,000E+0	0,000E+0
0,000	0,000	0,000	0,000E+0	0,000E+0	0,000E+0	0,000E+0	0,000E+0	0,000E+0	0,000E+0	0,000E+0
0,000	0,000	0,000	0,000E+0	0,000E+0	0,000E+0	0,000E+0	0,000E+0	0,000E+0	0,000E+0	0,000E+0
0,000	0,000	0,000	0,000E+0	0,000E+0	0,000E+0	0,000E+0	0,000E+0	0,000E+0	0,000E+0	0,000E+0
0,000	0,000	0,000	0,000E+0	0,000E+0	0,000E+0	0,000E+0	0,000E+0	0,000E+0	0,000E+0	0,000E+0
0,000	0,000	0,000	0,000E+0	0,000E+0	0,000E+0	0,000E+0	0,000E+0	0,000E+0	0,000E+0	0,000E+0
0,000	0,000	0,000	0,000E+0	0,000E+0	0,000E+0	0,000E+0	0,000E+0	0,000E+0	0,000E+0	0,000E+0
0,000	0,000	0,000	0,000E+0	0,000E+0	0,000E+0	0,000E+0	0,000E+0	0,000E+0	0,000E+0	0,000E+0
0,000	0,000	0,000	0,000E+0	0,000E+0	0,000E+0	0,000E+0	0,000E+0	0,000E+0	0,000E+0	0,000E+0
0,000	0,000	0,000	0,000E+0	0,000E+0	0,000E+0	0,000E+0	0,000E+0	0,000E+0	0,000E+0	0,000E+0
0,000	0,000	0,000	0,000E+0	0,000E+0	0,000E+0	0,000E+0	0,000E+0	0,000E+0	0,000E+0	0,000E+0
0,000	0,000	0,000	0,000E+0	0,000E+0	0,000E+0	0,000E+0	0,000E+0	0,000E+0	0,000E+0	0,000E+0
0,000	0,000	0,000	0,000E+0	0,000E+0	0,000E+0	0,000E+0	0,000E+0	0,000E+0	0,000E+0	0,000E+0
0,000	0,000	0,000	0,000E+0	0,000E+0	0,000E+0	0,000E+0	0,000E+0	0,000E+0	0,000E+0	0,000E+0
0,000	0,000	0,000	0,000E+0	0,000E+0	0,000E+0	0,000E+0	0,000E+0	0,000E+0	0,000E+0	0,000E+0
0,000	0,000	32,700	3,270E+1	0,000E+0	4,617E+1	5,976E+1	0,000E+0	0,000E+0	2,795E+0	0,000E+0
0,000	0,100	117,200	1,173E+2	0,000E+0	5,536E+1	8,672E+1	0,000E+0	0,000E+0	5,353E+0	0,000E+0
0,000	0,100	117,200	1,173E+2	0,000E+0	5,536E+1	8,672E+1	0,000E+0	0,000E+0	5,353E+0	0,000E+0
0,000	49,800	63,000	1,128E+2	0,000E+0	1,622E+2	1,621E+2	0,000E+0	6,820E-1	6,739E-1	0,000E+0
0,000	13,300	12,900	2,620E+1	0,000E+0	1,761E+2	1,759E+2	0,000E+0	1,272E-1	1,263E-1	0,000E+0
0,000	15,900	14,900	3,080E+1	0,000E+0	1,688E+2	1,687E+2	0,000E+0	1,622E-1	1,597E-1	0,000E+0
0,000	22,900	21,800	4,470E+1	0,000E+0	1,729E+2	1,723E+2	0,000E+0	2,134E-1	2,096E-1	0,000E+0
0,000	20,200	19,000	3,920E+1	0,000E+0	1,726E+2	1,725E+2	0,000E+0	1,882E-1	1,861E-1	0,000E+0
0,000	20,200	19,000	3,920E+1	0,000E+0	1,726E+2	1,725E+2	0,000E+0	1,882E-1	1,861E-1	0,000E+0
0,000	20,500	19,100	3,960E+1	0,000E+0	1,724E+2	1,722E+2	0,000E+0	1,902E-1	1,877E-1	0,000E+0
0,000	20,500	19,200	3,970E+1	0,000E+0	1,723E+2	1,724E+2	0,000E+0	1,900E-1	1,886E-1	0,000E+0
0,000	20,300	18,900	3,920E+1	0,000E+0	1,724E+2	1,723E+2	0,000E+0	1,887E-1	1,869E-1	0,000E+0
0,000	20,400	18,800	3,920E+1	0,000E+0	1,725E+2	1,723E+2	0,000E+0	1,894E-1	1,860E-1	0,000E+0
0,000	20,300	19,000	3,930E+1	0,000E+0	1,724E+2	1,724E+2	0,000E+0	1,892E-1	1,875E-1	0,000E+0
0,000	20,400	19,000	3,940E+1	0,000E+0	1,724E+2	1,724E+2	0,000E+0	1,901E-1	1,870E-1	0,000E+0
0,000	20,400	19,000	3,940E+1	0,000E+0	1,727E+2	1,726E+2	0,000E+0	1,901E-1	1,865E-1	0,000E+0
0,000	20,300	18,900	3,920E+1	0,000E+0	1,726E+2	1,725E+2	0,000E+0	1,888E-1	1,868E-1	0,000E+0
0,000	20,300	18,800	3,910E+1	0,000E+0	1,726E+2	1,726E+2	0,000E+0	1,887E-1	1,861E-1	0,000E+0
0,000	20,300	18,800	3,910E+1	0,000E+0	1,726E+2	1,726E+2	0,000E+0	1,887E-1	1,861E-1	0,000E+0
0,000	20,500	19,000	3,950E+1	0,000E+0	1,725E+2	1,725E+2	0,000E+0	1,906E-1	1,873E-1	0,000E+0
0,000	20,500	19,000	3,950E+1	0,000E+0	1,725E+2	1,725E+2	0,000E+0	1,906E-1	1,873E-1	0,000E+0
0,000	20,200	18,500	3,870E+1	0,000E+0	1,724E+2	1,722E+2	0,000E+0	1,882E-1	1,839E-1	0,000E+0
0,000	19,700	18,200	3,790E+1	0,000E+0	1,723E+2	1,722E+2	0,000E+0	1,847E-1	1,822E-1	0,000E+0
0,000	19,700	18,300	3,800E+1	0,000E+0	1,721E+2	1,720E+2	0,000E+0	1,837E-1	1,817E-1	0,000E+0
0,000	19,700	18,300	3,800E+1	0,000E+0	1,721E+2	1,720E+2	0,000E+0	1,837E-1	1,817E-1	0,000E+0
0,000	19,500	17,900	3,740E+1	0,000E+0	1,722E+2	1,721E+2	0,000E+0	1,823E-1	1,786E-1	0,000E+0
0,000	19,500	18,100	3,760E+1	0,000E+0	1,721E+2	1,721E+2	0,000E+0	1,822E-1	1,802E-1	0,000E+0
0,000	19,600	18,200	3,780E+1	0,000E+0	1,722E+2	1,722E+2	0,000E+0	1,824E-1	1,799E-1	0,000E+0
0,000	20,000	18,700	3,870E+1	0,000E+0	1,723E+2	1,722E+2	0,000E+0	1,868E-1	1,851E-1	0,000E+0
0,000	20,500	19,000	3,950E+1	0,000E+0	1,725E+2	1,722E+2	0,000E+0	1,910E-1	1,874E-1	0,000E+0
0,000	20,900	19,500	4,040E+1	0,000E+0	1,724E+2	1,725E+2	0,000E+0	1,936E-1	1,916E-1	0,000E+0
0,000	20,900	19,500	4,040E+1	0,000E+0	1,724E+2	1,725E+2	0,000E+0	1,936E-1	1,916E-1	0,000E+0
0,000	22,700	21,500	4,420E+1	0,000E+0	1,731E+2	1,729E+2	0,000E+0	2,090E-1	2,064E-1	0,000E+0
0,000	24,000	23,200	4,720E+1	0,000E+0	1,732E+2	1,734E+2	0,000E+0	2,205E-1	2,183E-1	0,000E+0
0,000	26,000	25,100	5,110E+1	0,000E+0	1,739E+2	1,734E+2	0,000E+0	2,381E-1	2,346E-1	0,000E+0
0,000	28,300	27,600	5,590E+1	0,000E+0	1,744E+2	1,742E+2	0,000E+0	2,586E-1	2,543E-1	0,000E+0
0,000	30,400	30,500	6,090E+1	0,000E+0	1,749E+2	1,748E+2	0,000E+0	2,783E-1	2,757E-1	0,000E+0
0,000	30,400	30,500	6,090E+1	0,000E+0	1,749E+2	1,748E+2	0,000E+0	2,783E-1	2,757E-1	0,000E+0
0,000	35,200	35,900	7,110E+1	0,000E+0	1,761E+2	1,760E+2	0,000E+0	3,228E-1	3,195E-1	0,000E+0
0,000	36,900	38,500	7,540E+1	0,000E+0	1,764E+2	1,762E+2	0,000E+0	3,405E-1	3,386E-1	0,000E+0
0,000	37,800	39,300	7,710E+1	0,000E+0	1,767E+2	1,763E+2	0,000E+0	3,485E-1	3,445E-1	0,000E+0
0,000	39,300	41,100	8,040E+1	0,000E+0	1,769E+2	1,767E+2	0,000E+0	3,638E-1	3,589E-1	0,000E+0
0,000	40,500	42,500	8,300E+1	0,000E+0	1,772E+2	1,770E+2	0,000E+0	3,737E-1	3,693E-1	0,000E+0
0,000	42,100	44,700	8,680E+1	0,000E+0	1,774E+2	1,773E+2	0,000E+0	3,903E-1	3,870E-1	0,000E+0
0,000	43,300	46,400	8,970E+1	0,000E+0	1,779E+2	1,776E+2	0,000E+0	4,039E-1	3,996E-1	0,000E+0
0,000	43,300	46,900	9,020E+1	0,000E+0	1,778E+2	1,779E+2	0,000E+0	4,047E-1	4,027E-1	0,000E+0
0,000	44,100	47,400	9,150E+1	0,000E+0	1,780E+2	1,778E+2	0,000E+0	4,118E-1	4,070E-1	0,000E+0
0,000	44,100	47,400	9,150E+1	0,000E+0	1,780E+2	1,778E+2	0,000E+0	4,118E-1	4,070E-1	0,000E+0
0,000	44,700	48,300	9,300E+1	0,000E+0	1,783E+2	1,780E+2	0,000E+0	4,171E-1	4,128E-1	0,000E+0
0,000	44,700	48,300	9,300E+1	0,000E+0	1,783E+2	1,780E+2	0,000E+0	4,171E-1	4,128E-1	0,000E+0
0,000	45,300	49,600	9,490E+1	0,000E+0	1,781E+2	1,781E+2	0,000E+0	4,258E-1	4,237E-1	0,000E+0
0,000	45,900	50,300	9,620E+1	0,000E+0	1,782E+2	1,782E+2	0,000E+0	4,301E-1	4,284E-1	0,000E+0
0,000	46,000	50,000	9,600E+1	0,000E+0	1,785E+2	1,782E+2	0,000E+0	4,304E-1	4,265E-1	0,000E+0
0,000	46,100	50,100	9,620E+1	0,000E+0	1,783E+2	1,781E+2	0,000E+0	4,314E-1	4,283E-1	0,000E+0
0,000	46,500	50,900	9,740E+1	0,000E+0	1,786E+2	1,783E+2	0,000E+0	4,371E-1	4,327E-1	0,000E+0
0,000	46,800	51,000	9,780E+1	0,000E+0	1,785E+2	1,780E+2	0,000E+0	4,384E-1	4,349E-1	0,000E+0
0,000	46,800	50,800	9,760E+1	0,000E+0	1,787E+2	1,782E+2	0,000E+0	4,375E-1	4,330E-1	0,000E+0
0,000	46,500	50,900	9,740E+1	0,000E+0	1,784E+2	1,785E+2	0,000E+0	4,369E-1	4,328E-1	0,000E+0
0,000	47,100	51,100	9,820E+1	0,000E+0	1,786E+2	1,780E+2	0,000E+0	4,404E-1	4,357E-1	0,000E+0
0,000	46,800	51,400	9,820E+1	0,000E+0	1,784E+2	1,785E+2	0,000E+0	4,401E-1	4,365E-1	0,000E+0
0,000	46,800	51,400	9,820E+1	0,000E+0	1,784E+2	1,785E+2	0,000E+0	4,401E-1	4,365E-1	0,000E+0
0,000	47,000	51,600	9,860E+1	0,000E+0	1,786E+2	1,786E+2	0,000E+0	4,419E-1	4,384E-1	0,000E+0
0,000	47,200	51,600	9,880E+1	0,000E+0	1,786E+2	1,783E+2	0,000E+0	4,425E-1	4,392E-1	0,000E+0
0,000	50,900	57,600	1,085E+2	0,000E+0	1,791E+2	1,791E+2	0,000E+0	5,022E-1	4,962E-1	0,000E+0
0,000	85,400	117,100	2,025E+2	0,000E+0	1,864E+2	1,860E+2	0,000E+0	9,245E-1	9,141E-1	0,000E+0
0,000	81,700	110,300	1,920E+2	0,000E+0	1,882E+2	1,877E+2	0,000E+0	8,580E-1	8,465E-1	0,000E+0
0,000	74,900	95,700	1,706E+2	0,000E+0	1,850E+2	1,847E+2	0,000E+0	7,593E-1	7,509E-1	0,000E+0
0,000	77,300	99,800	1,771E+2	0,000E+0	1,857E+2	1,852E+2	0,000E+0	7,915E-1	7,809E-1	0,000E+0
0,000	80,600	107,200	1,878E+2	0,000E+0	1,868E+2	1,864E+2	0,000E+0	8,378E-1	8,285E-1	0,000E+0
0,000	80,700	106,700	1,874E+2	0,000E+0	1,869E+2	1,865E+2	0,000E+0	8,314E-1	8,233E-1	0,000E+0
0,000	80,600	106,800	1,874E+2	0,000E+0	1,865E+2	1,863E+2	0,000E+0	8,310E-1	8,241E-1	0,000E+0
0,000	80,600	106,800	1,874E+2	0,000E+0	1,865E+2	1,863E+2	0,000E+0	8,310E-1	8,241E-1	0,000E+0
0,000	81,700	110,300	1,920E+2	0,000E+0	1,869E+2	1,871E+2	0,000E+0	8,521E-1	8,462E-1	0,000E+0
0,000	82,900	110,600	1,935E+2	0,000E+0	1,875E+2	1,868E+2	0,000E+0	8,585E-1	8,521E-1	0,000E+0
0,000	82,700	110,600	1,933E+2	0,000E+0	1,874E+2	1,870E+2	0,000E+0	8,587E-1	8,496E-1	0,000E+0
0,000	82,700	111,200	1,939E+2	0,000E+0	1,872E+2	1,872E+2	0,000E+0	8,599E-1	8,526E-1	0,000E+0
0,000	83,100	111,500	1,946E+2	0,000E+0	1,874E+2	1,871E+2	0,000E+0	8,640E-1	8,557E-1	0,000E+0
0,000	83,100	111,500	1,946E+2	0,000E+0	1,874E+2	1,871E+2	0,000E+0	8,640E-1	8,557E-1	0,000E+0
0,000	83,500	112,200	1,957E+2	0,000E+0	1,876E+2	1,871E+2	0,000E+0	8,689E-1	8,606E-1	0,000E+0
0,000	83,600	112,800	1,964E+2	0,000E+0	1,876E+2	1,874E+2	0,000E+0	8,722E-1	8,633E-1	0,000E+0
0,000	83,800	112,900	1,967E+2	0,000E+0	1,878E+2	1,874E+2	0,000E+0	8,744E-1	8,639E-1	0,000E+0
0,000	83,800	113,200	1,970E+2	0,000E+0	1,877E+2	1,871E+2	0,000E+0	8,739E-1	8,675E-1	0,000E+0
0,000	84,000	113,600	1,976E+2	0,000E+0	1,878E+2	1,874E+2	0,000E+0	8,775E-1	8,685E-1	0,000E+0
0,000	84,300	113,800	1,981E+2	0,000E+0	1,877E+2	1,875E+2	0,000E+0	8,781E-1	8,700E-1	0,000E+0
0,000	84,300	113,800	1,981E+2	0,000E+0	1,877E+2	1,875E+2	0,000E+0	8,781E-1	8,700E-1	0,000E+0
0,000	83,900	114,200	1,981E+2	0,000E+0	1,882E+2	1,879E+2	0,000E+0	8,781E-1	8,718E-1	0,000E+0
0,000	84,500	113,900	1,984E+2	0,000E+0	1,884E+2	1,879E+2	0,000E+0	8,827E-1	8,707E-1	0,000E+0
0,000	84,500	113,900	1,984E+2	0,000E+0	1,884E+2	1,879E+2	0,000E+0	8,827E-1	8,707E-1	0,000E+0
0,000	84,300	114,800	1,991E+2	0,000E+0	1,879E+2	1,878E+2	0,000E+0	8,825E-1	8,761E-1	0,000E+0
0,000	84,400	114,100	1,985E+2	0,000E+0	1,880E+2	1,877E+2	0,000E+0	8,832E-1	8,717E-1	0,000E+0
0,000	84,500	114,300	1,988E+2	0,000E+0	1,880E+2	1,878E+2	0,000E+0	8,821E-1	8,731E-1	0,000E+0
0,000	84,600	114,900	1,995E+2	0,000E+0	1,880E+2	1,879E+2	0,000E+0	8,838E-1	8,763E-1	0,000E+0
0,000	84,400	114,800	1,992E+2	0,000E+0	1,880E+2	1,876E+2	0,000E+0	8,839E-1	8,767E-1	0,000E+0
0,000	84,400	114,700	1,991E+2	0,000E+0	1,879E+2	1,876E+2	0,000E+0	8,835E-1	8,753E-1	0,000E+0
0,000	84,400	114,700	1,991E+2	0,000E+0	1,879E+2	1,876E+2	0,000E+0	8,835E-1	8,753E-1	0,000E+0
0,000	84,600	115,000	1,996E+2	0,000E+0	1,880E+2	1,878E+2	0,000E+0	8,853E-1	8,756E-1	0,000E+0
0,000	78,000	101,900	1,799E+2	0,000E+0	1,868E+2	1,865E+2	0,000E+0	7,975E-1	7,888E-1	0,000E+0
0,000	71,400	89,400	1,608E+2	0,000E+0	1,843E+2	1,838E+2	0,000E+0	7,144E-1	7,074E-1	0,000E+0
0,000	72,800	91,700	1,645E+2	0,000E+0	1,847E+2	1,844E+2	0,000E+0	7,343E-1	7,254E-1	0,000E+0
0,000	73,000	92,100	1,651E+2	0,000E+0	1,850E+2	1,844E+2	0,000E+0	7,332E-1	7,255E-1	0,000E+0
0,000	73,000	92,100	1,651E+2	0,000E+0	1,850E+2	1,844E+2	0,000E+0	7,332E-1	7,255E-1	0,000E+0
0,000	55,200	63,500	1,187E+2	0,000E+0	1,806E+2	1,806E+2	0,000E+0	5,275E-1	5,232E-1	0,000E+0
0,000	54,700	62,400	1,171E+2	0,000E+0	1,803E+2	1,799E+2	0,000E+0	5,272E-1	5,205E-1	0,000E+0
0,000	57,800	66,600	1,244E+2	0,000E+0	1,809E+2	1,809E+2	0,000E+0	5,554E-1	5,480E-1	0,000E+0
0,000	45,900	49,900	9,580E+1	0,000E+0	1,792E+2	1,788E+2	0,000E+0	4,314E-1	4,256E-1	0,000E+0
0,000	40,300	42,300	8,260E+1	0,000E+0	1,769E+2	1,767E+2	0,000E+0	3,728E-1	3,678E-1	0,000E+0
0,000	40,200	42,000	8,220E+1	0,000E+0	1,772E+2	1,768E+2	0,000E+0	3,704E-1	3,652E-1	0,000E+0
0,000	38,300	39,800	7,810E+1	0,000E+0	1,767E+2	1,764E+2	0,000E+0	3,534E-1	3,488E-1	0,000E+0
0,000	37,200	38,200	7,540E+1	0,000E+0	1,766E+2	1,762E+2	0,000E+0	3,414E-1	3,357E-1	0,000E+0
0,000	35,500	36,600	7,210E+1	0,000E+0	1,760E+2	1,759E+2	0,000E+0	3,267E-1	3,234E-1	0,000E+0
0,000	35,500	36,600	7,210E+1	0,000E+0	1,760E+2	1,759E+2	0,000E+0	3,267E-1	3,234E-1	0,000E+0
0,000	34,700	35,600	7,030E+1	0,000E+0	1,758E+2	1,758E+2	0,000E+0	3,187E-1	3,161E-1	0,000E+0
0,000	33,100	33,700	6,680E+1	0,000E+0	1,755E+2	1,753E+2	0,000E+0	3,034E-1	3,017E-1	0,000E+0
0,000	32,700	32,900	6,560E+1	0,000E+0	1,755E+2	1,754E+2	0,000E+0	2,994E-1	2,955E-1	0,000E+0
0,000	29,500	29,300	5,880E+1	0,000E+0	1,747E+2	1,746E+2	0,000E+0	2,696E-1	2,669E-1	0,000E+0
0,000	27,900	27,300	5,520E+1	0,000E+0	1,744E+2	1,742E+2	0,000E+0	2,548E-1	2,516E-1	0,000E+0
0,000	27,200	26,600	5,380E+1	0,000E+0	1,743E+2	1,739E+2	0,000E+0	2,490E-1	2,464E-1	0,000E+0
0,000	26,100	25,400	5,150E+1	0,000E+0	1,739E+2	1,737E+2	0,000E+0	2,391E-1	2,371E-1	0,000E+0
0,000	25,400	24,400	4,980E+1	0,000E+0	1,741E+2	1,735E+2	0,000E+0	2,319E-1	2,288E-1	0,000E+0
0,000	24,900	23,800	4,870E+1	0,000E+0	1,736E+2	1,734E+2	0,000E+0	2,276E-1	2,243E-1	0,000E+0
0,000	24,100	23,000	4,710E+1	0,000E+0	1,736E+2	1,734E+2	0,000E+0	2,208E-1	2,183E-1	0,000E+0
0,000	24,100	23,000	4,710E+1	0,000E+0	1,736E+2	1,734E+2	0,000E+0	2,208E-1	2,183E-1	0,000E+0
0,000	13,400	12,400	2,580E+1	0,000E+0	1,696E+2	1,692E+2	0,000E+0	1,354E-1	1,331E-1	0,000E+0
0,000	0,300	0,100	4,000E-1	0,000E+0	1,137E+2	1,138E+2	0,000E+0	0,000E+0	0,000E+0	0,000E+0
0,000	0,100	0,200	3,000E-1	0,000E+0	8,947E+1	8,926E+1	0,000E+0	0,000E+0	0,000E+0	0,000E+0
0,000	0,200	0,200	4,000E-1	0,000E+0	7,073E+1	7,067E+1	0,000E+0	0,000E+0	0,000E+0	0,000E+0
0,000	0,100	0,200	3,000E-1	0,000E+0	5,427E+1	5,424E+1	0,000E+0	0,000E+0	0,000E+0	0,000E+0
